<?xml version="1.0" encoding="UTF-8"?>
<robot generated="20170129 18:30:43.847" generator="Robot 3.0.1 (Python 2.7 on win32)">
<suite source="C:\Users\drago\PycharmProjects\rf_calculator\test_suites\basic_functionality.robot" id="s1" name="Basic Functionality">
<kw type="setup" name="Open Mobile Application" library="MobileLibrary">
<doc>Opens the application specified</doc>
<arguments>
<arg>${PLATFORM}</arg>
</arguments>
<msg timestamp="20170129 18:30:44.029" level="TRACE">Arguments: [ 'Android' ]</msg>
<msg timestamp="20170129 18:30:44.032" level="DEBUG">POST http://127.0.0.1:4723/wd/hub/session {"requiredCapabilities": {}, "desiredCapabilities": {"deviceName": "96512969", "app": "C:\\Users\\drago\\PycharmProjects\\rf_calculator\\resources\\../applications\\app-debug.apk", "fullReset": false, "noSign": true, "appPackage": "com.hackpundit.www.assignment1", "platformName": "Android", "appActivity": "com.hackpundit.www.assignment1.MainActivity"}}</msg>
<msg timestamp="20170129 18:30:53.704" level="DEBUG">Finished Request</msg>
<msg timestamp="20170129 18:30:53.704" level="DEBUG">Opened application with session id 962343f2-2865-422b-8b21-c670c01df9c5</msg>
<msg timestamp="20170129 18:30:53.705" level="DEBUG">POST http://127.0.0.1:4723/wd/hub/session/962343f2-2865-422b-8b21-c670c01df9c5/elements {"using": "id", "sessionId": "962343f2-2865-422b-8b21-c670c01df9c5", "value": "edt1"}</msg>
<msg timestamp="20170129 18:30:54.765" level="DEBUG">Finished Request</msg>
<msg timestamp="20170129 18:30:54.766" level="DEBUG">GET http://127.0.0.1:4723/wd/hub/session/962343f2-2865-422b-8b21-c670c01df9c5/element/1/displayed {"sessionId": "962343f2-2865-422b-8b21-c670c01df9c5", "id": "1"}</msg>
<msg timestamp="20170129 18:30:54.809" level="DEBUG">Finished Request</msg>
<msg timestamp="20170129 18:30:55.810" level="INFO">Slept 1 second</msg>
<msg timestamp="20170129 18:30:55.810" level="TRACE">Return: None</msg>
<status status="PASS" endtime="20170129 18:30:55.810" starttime="20170129 18:30:44.029"></status>
</kw>
<test id="s1-t1" name="Result Is Updated">
<kw type="setup" name="Ensure Application Is Open" library="MobileLibrary">
<doc>Checks if applications is still open and</doc>
<arguments>
<arg>${PLATFORM}</arg>
</arguments>
<msg timestamp="20170129 18:30:55.813" level="TRACE">Arguments: [ 'Android' ]</msg>
<msg timestamp="20170129 18:30:56.013" level="INFO">Slept 200 milliseconds</msg>
<msg timestamp="20170129 18:30:56.013" level="INFO">IM TRYING</msg>
<msg timestamp="20170129 18:30:56.014" level="DEBUG">POST http://127.0.0.1:4723/wd/hub/session/962343f2-2865-422b-8b21-c670c01df9c5/elements {"using": "id", "sessionId": "962343f2-2865-422b-8b21-c670c01df9c5", "value": "edt1"}</msg>
<msg timestamp="20170129 18:30:56.182" level="DEBUG">Finished Request</msg>
<msg timestamp="20170129 18:30:56.183" level="INFO">Current page contains element 'id=edt1'.</msg>
<msg timestamp="20170129 18:30:56.183" level="TRACE">Return: None</msg>
<status status="PASS" endtime="20170129 18:30:56.183" starttime="20170129 18:30:55.812"></status>
</kw>
<kw name="Result Should Be" library="MobileLibrary">
<doc>Gets the value from the result field</doc>
<arguments>
<arg>${EMPTY}</arg>
</arguments>
<msg timestamp="20170129 18:30:56.184" level="TRACE">Arguments: [ b'' ]</msg>
<msg timestamp="20170129 18:30:56.185" level="INFO">Verifying element 'id=edt1' contains exactly text ''.</msg>
<msg timestamp="20170129 18:30:56.185" level="DEBUG">POST http://127.0.0.1:4723/wd/hub/session/962343f2-2865-422b-8b21-c670c01df9c5/elements {"using": "id", "sessionId": "962343f2-2865-422b-8b21-c670c01df9c5", "value": "edt1"}</msg>
<msg timestamp="20170129 18:30:56.340" level="DEBUG">Finished Request</msg>
<msg timestamp="20170129 18:30:56.341" level="DEBUG">GET http://127.0.0.1:4723/wd/hub/session/962343f2-2865-422b-8b21-c670c01df9c5/element/3/text {"sessionId": "962343f2-2865-422b-8b21-c670c01df9c5", "id": "3"}</msg>
<msg timestamp="20170129 18:30:56.372" level="DEBUG">Finished Request</msg>
<msg timestamp="20170129 18:30:56.372" level="TRACE">Return: None</msg>
<status status="PASS" endtime="20170129 18:30:56.372" starttime="20170129 18:30:56.184"></status>
</kw>
<kw name="Push Button" library="MobileLibrary">
<doc>Pushes specified button</doc>
<arguments>
<arg>1</arg>
</arguments>
<msg timestamp="20170129 18:30:56.373" level="TRACE">Arguments: [ '1' ]</msg>
<msg timestamp="20170129 18:30:56.373" level="INFO">Clicking element 'xpath=//android.widget.Button[@text='1']'.</msg>
<msg timestamp="20170129 18:30:56.374" level="DEBUG">POST http://127.0.0.1:4723/wd/hub/session/962343f2-2865-422b-8b21-c670c01df9c5/elements {"using": "xpath", "sessionId": "962343f2-2865-422b-8b21-c670c01df9c5", "value": "//android.widget.Button[@text='1']"}</msg>
<msg timestamp="20170129 18:30:56.608" level="DEBUG">Finished Request</msg>
<msg timestamp="20170129 18:30:56.609" level="DEBUG">POST http://127.0.0.1:4723/wd/hub/session/962343f2-2865-422b-8b21-c670c01df9c5/element/4/click {"sessionId": "962343f2-2865-422b-8b21-c670c01df9c5", "id": "4"}</msg>
<msg timestamp="20170129 18:30:56.797" level="DEBUG">Finished Request</msg>
<msg timestamp="20170129 18:30:56.898" level="INFO">Slept 100 milliseconds</msg>
<msg timestamp="20170129 18:30:56.898" level="TRACE">Return: None</msg>
<status status="PASS" endtime="20170129 18:30:56.898" starttime="20170129 18:30:56.373"></status>
</kw>
<kw name="Result Should Be" library="MobileLibrary">
<doc>Gets the value from the result field</doc>
<arguments>
<arg>1</arg>
</arguments>
<msg timestamp="20170129 18:30:56.899" level="TRACE">Arguments: [ '1' ]</msg>
<msg timestamp="20170129 18:30:56.900" level="INFO">Verifying element 'id=edt1' contains exactly text '1'.</msg>
<msg timestamp="20170129 18:30:56.900" level="DEBUG">POST http://127.0.0.1:4723/wd/hub/session/962343f2-2865-422b-8b21-c670c01df9c5/elements {"using": "id", "sessionId": "962343f2-2865-422b-8b21-c670c01df9c5", "value": "edt1"}</msg>
<msg timestamp="20170129 18:30:57.784" level="DEBUG">Finished Request</msg>
<msg timestamp="20170129 18:30:57.785" level="DEBUG">GET http://127.0.0.1:4723/wd/hub/session/962343f2-2865-422b-8b21-c670c01df9c5/element/5/text {"sessionId": "962343f2-2865-422b-8b21-c670c01df9c5", "id": "5"}</msg>
<msg timestamp="20170129 18:30:57.819" level="DEBUG">Finished Request</msg>
<msg timestamp="20170129 18:30:57.819" level="TRACE">Return: None</msg>
<status status="PASS" endtime="20170129 18:30:57.819" starttime="20170129 18:30:56.899"></status>
</kw>
<kw name="Push Button" library="MobileLibrary">
<doc>Pushes specified button</doc>
<arguments>
<arg>1</arg>
</arguments>
<msg timestamp="20170129 18:30:57.821" level="TRACE">Arguments: [ '1' ]</msg>
<msg timestamp="20170129 18:30:57.821" level="INFO">Clicking element 'xpath=//android.widget.Button[@text='1']'.</msg>
<msg timestamp="20170129 18:30:57.822" level="DEBUG">POST http://127.0.0.1:4723/wd/hub/session/962343f2-2865-422b-8b21-c670c01df9c5/elements {"using": "xpath", "sessionId": "962343f2-2865-422b-8b21-c670c01df9c5", "value": "//android.widget.Button[@text='1']"}</msg>
<msg timestamp="20170129 18:30:57.913" level="DEBUG">Finished Request</msg>
<msg timestamp="20170129 18:30:57.914" level="DEBUG">POST http://127.0.0.1:4723/wd/hub/session/962343f2-2865-422b-8b21-c670c01df9c5/element/6/click {"sessionId": "962343f2-2865-422b-8b21-c670c01df9c5", "id": "6"}</msg>
<msg timestamp="20170129 18:30:58.124" level="DEBUG">Finished Request</msg>
<msg timestamp="20170129 18:30:58.224" level="INFO">Slept 100 milliseconds</msg>
<msg timestamp="20170129 18:30:58.224" level="TRACE">Return: None</msg>
<status status="PASS" endtime="20170129 18:30:58.224" starttime="20170129 18:30:57.820"></status>
</kw>
<kw name="Result Should Be" library="MobileLibrary">
<doc>Gets the value from the result field</doc>
<arguments>
<arg>11</arg>
</arguments>
<msg timestamp="20170129 18:30:58.226" level="TRACE">Arguments: [ '11' ]</msg>
<msg timestamp="20170129 18:30:58.226" level="INFO">Verifying element 'id=edt1' contains exactly text '11'.</msg>
<msg timestamp="20170129 18:30:58.226" level="DEBUG">POST http://127.0.0.1:4723/wd/hub/session/962343f2-2865-422b-8b21-c670c01df9c5/elements {"using": "id", "sessionId": "962343f2-2865-422b-8b21-c670c01df9c5", "value": "edt1"}</msg>
<msg timestamp="20170129 18:30:58.714" level="DEBUG">Finished Request</msg>
<msg timestamp="20170129 18:30:58.715" level="DEBUG">GET http://127.0.0.1:4723/wd/hub/session/962343f2-2865-422b-8b21-c670c01df9c5/element/7/text {"sessionId": "962343f2-2865-422b-8b21-c670c01df9c5", "id": "7"}</msg>
<msg timestamp="20170129 18:30:58.743" level="DEBUG">Finished Request</msg>
<msg timestamp="20170129 18:30:58.743" level="TRACE">Return: None</msg>
<status status="PASS" endtime="20170129 18:30:58.743" starttime="20170129 18:30:58.225"></status>
</kw>
<kw type="teardown" name="Clear Result" library="MobileLibrary">
<doc>Clears result field</doc>
<msg timestamp="20170129 18:30:58.745" level="TRACE">Arguments: [  ]</msg>
<msg timestamp="20170129 18:30:58.746" level="INFO">Clicking element 'xpath=//android.widget.Button[@text='C']'.</msg>
<msg timestamp="20170129 18:30:58.746" level="DEBUG">POST http://127.0.0.1:4723/wd/hub/session/962343f2-2865-422b-8b21-c670c01df9c5/elements {"using": "xpath", "sessionId": "962343f2-2865-422b-8b21-c670c01df9c5", "value": "//android.widget.Button[@text='C']"}</msg>
<msg timestamp="20170129 18:30:58.833" level="DEBUG">Finished Request</msg>
<msg timestamp="20170129 18:30:58.834" level="DEBUG">POST http://127.0.0.1:4723/wd/hub/session/962343f2-2865-422b-8b21-c670c01df9c5/element/8/click {"sessionId": "962343f2-2865-422b-8b21-c670c01df9c5", "id": "8"}</msg>
<msg timestamp="20170129 18:30:59.034" level="DEBUG">Finished Request</msg>
<msg timestamp="20170129 18:30:59.134" level="INFO">Slept 100 milliseconds</msg>
<msg timestamp="20170129 18:30:59.134" level="TRACE">Return: None</msg>
<status status="PASS" endtime="20170129 18:30:59.135" starttime="20170129 18:30:58.745"></status>
</kw>
<status status="PASS" endtime="20170129 18:30:59.135" critical="yes" starttime="20170129 18:30:55.811"></status>
</test>
<test id="s1-t2" name="Result Can Be Cleared">
<kw type="setup" name="Ensure Application Is Open" library="MobileLibrary">
<doc>Checks if applications is still open and</doc>
<arguments>
<arg>${PLATFORM}</arg>
</arguments>
<msg timestamp="20170129 18:30:59.139" level="TRACE">Arguments: [ 'Android' ]</msg>
<msg timestamp="20170129 18:30:59.341" level="INFO">Slept 200 milliseconds</msg>
<msg timestamp="20170129 18:30:59.341" level="INFO">IM TRYING</msg>
<msg timestamp="20170129 18:30:59.342" level="DEBUG">POST http://127.0.0.1:4723/wd/hub/session/962343f2-2865-422b-8b21-c670c01df9c5/elements {"using": "id", "sessionId": "962343f2-2865-422b-8b21-c670c01df9c5", "value": "edt1"}</msg>
<msg timestamp="20170129 18:30:59.651" level="DEBUG">Finished Request</msg>
<msg timestamp="20170129 18:30:59.651" level="INFO">Current page contains element 'id=edt1'.</msg>
<msg timestamp="20170129 18:30:59.652" level="TRACE">Return: None</msg>
<status status="PASS" endtime="20170129 18:30:59.652" starttime="20170129 18:30:59.138"></status>
</kw>
<kw name="Result Should Be" library="MobileLibrary">
<doc>Gets the value from the result field</doc>
<arguments>
<arg>${EMPTY}</arg>
</arguments>
<msg timestamp="20170129 18:30:59.653" level="TRACE">Arguments: [ b'' ]</msg>
<msg timestamp="20170129 18:30:59.654" level="INFO">Verifying element 'id=edt1' contains exactly text ''.</msg>
<msg timestamp="20170129 18:30:59.654" level="DEBUG">POST http://127.0.0.1:4723/wd/hub/session/962343f2-2865-422b-8b21-c670c01df9c5/elements {"using": "id", "sessionId": "962343f2-2865-422b-8b21-c670c01df9c5", "value": "edt1"}</msg>
<msg timestamp="20170129 18:30:59.828" level="DEBUG">Finished Request</msg>
<msg timestamp="20170129 18:30:59.829" level="DEBUG">GET http://127.0.0.1:4723/wd/hub/session/962343f2-2865-422b-8b21-c670c01df9c5/element/10/text {"sessionId": "962343f2-2865-422b-8b21-c670c01df9c5", "id": "10"}</msg>
<msg timestamp="20170129 18:30:59.863" level="DEBUG">Finished Request</msg>
<msg timestamp="20170129 18:30:59.863" level="TRACE">Return: None</msg>
<status status="PASS" endtime="20170129 18:30:59.863" starttime="20170129 18:30:59.653"></status>
</kw>
<kw name="Push Button" library="MobileLibrary">
<doc>Pushes specified button</doc>
<arguments>
<arg>2</arg>
</arguments>
<msg timestamp="20170129 18:30:59.864" level="TRACE">Arguments: [ '2' ]</msg>
<msg timestamp="20170129 18:30:59.865" level="INFO">Clicking element 'xpath=//android.widget.Button[@text='2']'.</msg>
<msg timestamp="20170129 18:30:59.865" level="DEBUG">POST http://127.0.0.1:4723/wd/hub/session/962343f2-2865-422b-8b21-c670c01df9c5/elements {"using": "xpath", "sessionId": "962343f2-2865-422b-8b21-c670c01df9c5", "value": "//android.widget.Button[@text='2']"}</msg>
<msg timestamp="20170129 18:30:59.960" level="DEBUG">Finished Request</msg>
<msg timestamp="20170129 18:30:59.961" level="DEBUG">POST http://127.0.0.1:4723/wd/hub/session/962343f2-2865-422b-8b21-c670c01df9c5/element/11/click {"sessionId": "962343f2-2865-422b-8b21-c670c01df9c5", "id": "11"}</msg>
<msg timestamp="20170129 18:31:00.156" level="DEBUG">Finished Request</msg>
<msg timestamp="20170129 18:31:00.256" level="INFO">Slept 100 milliseconds</msg>
<msg timestamp="20170129 18:31:00.256" level="TRACE">Return: None</msg>
<status status="PASS" endtime="20170129 18:31:00.256" starttime="20170129 18:30:59.864"></status>
</kw>
<kw name="Push Button" library="MobileLibrary">
<doc>Pushes specified button</doc>
<arguments>
<arg>C</arg>
</arguments>
<msg timestamp="20170129 18:31:00.257" level="TRACE">Arguments: [ 'C' ]</msg>
<msg timestamp="20170129 18:31:00.258" level="INFO">Clicking element 'xpath=//android.widget.Button[@text='C']'.</msg>
<msg timestamp="20170129 18:31:00.258" level="DEBUG">POST http://127.0.0.1:4723/wd/hub/session/962343f2-2865-422b-8b21-c670c01df9c5/elements {"using": "xpath", "sessionId": "962343f2-2865-422b-8b21-c670c01df9c5", "value": "//android.widget.Button[@text='C']"}</msg>
<msg timestamp="20170129 18:31:00.665" level="DEBUG">Finished Request</msg>
<msg timestamp="20170129 18:31:00.666" level="DEBUG">POST http://127.0.0.1:4723/wd/hub/session/962343f2-2865-422b-8b21-c670c01df9c5/element/12/click {"sessionId": "962343f2-2865-422b-8b21-c670c01df9c5", "id": "12"}</msg>
<msg timestamp="20170129 18:31:00.881" level="DEBUG">Finished Request</msg>
<msg timestamp="20170129 18:31:00.981" level="INFO">Slept 100 milliseconds</msg>
<msg timestamp="20170129 18:31:00.982" level="TRACE">Return: None</msg>
<status status="PASS" endtime="20170129 18:31:00.982" starttime="20170129 18:31:00.257"></status>
</kw>
<kw name="Result Should Be" library="MobileLibrary">
<doc>Gets the value from the result field</doc>
<arguments>
<arg>${EMPTY}</arg>
</arguments>
<msg timestamp="20170129 18:31:00.985" level="TRACE">Arguments: [ b'' ]</msg>
<msg timestamp="20170129 18:31:00.986" level="INFO">Verifying element 'id=edt1' contains exactly text ''.</msg>
<msg timestamp="20170129 18:31:00.987" level="DEBUG">POST http://127.0.0.1:4723/wd/hub/session/962343f2-2865-422b-8b21-c670c01df9c5/elements {"using": "id", "sessionId": "962343f2-2865-422b-8b21-c670c01df9c5", "value": "edt1"}</msg>
<msg timestamp="20170129 18:31:01.448" level="DEBUG">Finished Request</msg>
<msg timestamp="20170129 18:31:01.449" level="DEBUG">GET http://127.0.0.1:4723/wd/hub/session/962343f2-2865-422b-8b21-c670c01df9c5/element/13/text {"sessionId": "962343f2-2865-422b-8b21-c670c01df9c5", "id": "13"}</msg>
<msg timestamp="20170129 18:31:01.485" level="DEBUG">Finished Request</msg>
<msg timestamp="20170129 18:31:01.485" level="TRACE">Return: None</msg>
<status status="PASS" endtime="20170129 18:31:01.486" starttime="20170129 18:31:00.984"></status>
</kw>
<kw type="teardown" name="Clear Result" library="MobileLibrary">
<doc>Clears result field</doc>
<msg timestamp="20170129 18:31:01.487" level="TRACE">Arguments: [  ]</msg>
<msg timestamp="20170129 18:31:01.487" level="INFO">Clicking element 'xpath=//android.widget.Button[@text='C']'.</msg>
<msg timestamp="20170129 18:31:01.488" level="DEBUG">POST http://127.0.0.1:4723/wd/hub/session/962343f2-2865-422b-8b21-c670c01df9c5/elements {"using": "xpath", "sessionId": "962343f2-2865-422b-8b21-c670c01df9c5", "value": "//android.widget.Button[@text='C']"}</msg>
<msg timestamp="20170129 18:31:01.587" level="DEBUG">Finished Request</msg>
<msg timestamp="20170129 18:31:01.588" level="DEBUG">POST http://127.0.0.1:4723/wd/hub/session/962343f2-2865-422b-8b21-c670c01df9c5/element/14/click {"sessionId": "962343f2-2865-422b-8b21-c670c01df9c5", "id": "14"}</msg>
<msg timestamp="20170129 18:31:01.778" level="DEBUG">Finished Request</msg>
<msg timestamp="20170129 18:31:01.878" level="INFO">Slept 100 milliseconds</msg>
<msg timestamp="20170129 18:31:01.878" level="TRACE">Return: None</msg>
<status status="PASS" endtime="20170129 18:31:01.878" starttime="20170129 18:31:01.487"></status>
</kw>
<status status="PASS" endtime="20170129 18:31:01.879" critical="yes" starttime="20170129 18:30:59.136"></status>
</test>
<kw type="teardown" name="Close All Applications" library="AppiumLibrary">
<doc>Closes all open applications.</doc>
<msg timestamp="20170129 18:31:01.881" level="TRACE">Arguments: [  ]</msg>
<msg timestamp="20170129 18:31:01.881" level="DEBUG">Closing all applications</msg>
<msg timestamp="20170129 18:31:01.881" level="DEBUG">DELETE http://127.0.0.1:4723/wd/hub/session/962343f2-2865-422b-8b21-c670c01df9c5 {"sessionId": "962343f2-2865-422b-8b21-c670c01df9c5"}</msg>
<msg timestamp="20170129 18:31:02.785" level="DEBUG">Finished Request</msg>
<msg timestamp="20170129 18:31:02.785" level="TRACE">Return: None</msg>
<status status="PASS" endtime="20170129 18:31:02.785" starttime="20170129 18:31:01.880"></status>
</kw>
<status status="PASS" endtime="20170129 18:31:02.786" starttime="20170129 18:30:43.858"></status>
</suite>
<statistics>
<total>
<stat fail="0" pass="2">Critical Tests</stat>
<stat fail="0" pass="2">All Tests</stat>
</total>
<tag>
</tag>
<suite>
<stat fail="0" id="s1" name="Basic Functionality" pass="2">Basic Functionality</stat>
</suite>
</statistics>
<errors>
</errors>
</robot>
